Chick ID ,band.n,nest,clutch.size,hatch.date,band.date,day,wing,tail,tarsus,post.cul.length,ant.cul.length,ant.cul.depth,ant.cul.width,digital weight,pin.length,feather.length,feather.total.length,feathered.ratio,Day of pin break ,Mainland or Island,,
R1,12181,1,,,1,8,33,,17.1,,,,,10,,,,,,0,,
R1,12181,1,,,1,6,23.1,,14.5,,,,,9,,,,,,0,,
R1,12181,1,,,1,4,12.3,,11.1,,,,,5,,,,,,0,,
R1,12181,1,,,1,2,6.2,,7.5,,,,,3,,,,,,0,,
L1,12178,3,,,3,8,41,,19.1,,,,,11,,,,,,0,,
R1,12177,3,,,3,8,39,,18.5,,,,,11,,,,,,0,,
R2,12176,3,,,3,8,41,,18.8,,,,,11.5,,,,,,0,,
L1,12178,3,,,3,6,31.6,,17.9,,,,,11,,,,,,0,,
R1,12177,3,,,3,6,28.7,,16.7,,,,,10,,,,,,0,,
R2,12176,3,,,3,6,32,,17.4,,,,,10,,,,,,0,,
L1,12178,3,,,3,4,22.6,,14.9,,,,,9,,,,,,0,,
R1,12177,3,,,3,4,18.8,,13.7,,,,,8,,,,,,0,,
R2,12176,3,,,3,4,22.4,,14.6,,,,,8,,,,,,0,,
L1,12178,3,,,3,2,11,,11.3,,,,,5.5,,,,,,0,,
R1,12177,3,,,3,2,10,,11.2,,,,,4.5,,,,,,0,,
R2,12176,3,,,3,2,11.8,,11.6,,,,,5.5,,,,,,0,,
L1,12183,6,,,6,8,26,,13.1,,,,,8.5,,,,,,0,,
R1,12184,6,,,6,8,29,,15.6,,,,,10.5,,,,,,0,,
L1,12183,6,,,6,6,14.6,,11,,,,,6.5,,,,,,0,,
R1,12184,6,,,6,6,16.8,,12.8,,,,,8.5,,,,,,0,,
L1,12183,6,,,6,4,9.3,,8.7,,,,,4.5,,,,,,0,,
R1,12184,6,,,6,4,9.5,,9.6,,,,,5,,,,,,0,,
L1,12183,6,,,6,2,5.2,,6.7,,,,,2.5,,,,,,0,,
R1,12184,6,,,6,2,6.7,,6.7,,,,,2.5,,,,,,0,,
R1,12186,9,,,9,8,28,,16.8,,,,,8,,,,,,0,,
R1,12186,9,,,9,7,25.8,,15.8,,,,,7.5,,,,,,0,,
R1,12186,9,,,9,4,18.5,,11.4,,,,,7,,,,,,0,,
R1,12186,9,,,9,2,11.8,,11.4,,,,,4.5,,,,,,0,,
L1,12187,10,,,10,8,25.3,,16.1,,,,,9,,,,,,0,,
R1,12188,10,,,10,8,27.8,,15.7,,,,,9,,,,,,0,,
L1,12187,10,,,10,6,19.1,,14.3,,,,,7,,,,,,0,,
R1,12188,10,,,10,6,20.5,,13.9,,,,,7.5,,,,,,0,,
L1,12187,10,,,10,4,12.8,,11.6,,,,,6,,,,,,0,,
R1,12188,10,,,10,4,14.6,,12.8,,,,,6,,,,,,0,,
L1,12187,10,,,10,2,8.5,,8.8,,,,,3.5,,,,,,0,,
R1,12188,10,,,10,2,9.7,,9.3,,,,,4,,,,,,0,,
R1,12198,16,,,16,8,35.4,,18.7,,,,,10,,,,,,0,,
R1,12198,16,,,16,6,28.6,,17,,,,,10.5,,,,,,0,,
R1,12198,16,,,16,4,18.8,,13.2,,,,,8,,,,,,0,,
R1,12198,16,,,16,2,9.7,,9,,,,,4,,,,,,0,,
R1,12193,19,,,19,8,35.6,,17.9,,,,,11,,,,,,0,,
R1,12193,19,,,19,6,24.4,,16,,,,,9.5,,,,,,0,,
R1,12193,19,,,19,4,13.8,,12.5,,,,,6,,,,,,0,,
R1,12193,19,,,19,2,6.8,,8.5,,,,,3.5,,,,,,0,,
L1,12208,20,,,20,8,37.8,,18.7,,,,,9.5,,,,,,0,,
R1,12207,20,,,20,8,35.6,,18.2,,,,,8,,,,,,0,,
R2,12197,20,,,20,8,36.1,,18.2,,,,,10.5,,,,,,0,,
L1,12208,20,,,20,6,29.8,,17.1,,,,,10,,,,,,0,,
R1,12207,20,,,20,6,26.7,,16.5,,,,,9,,,,,,0,,
R2,12197,20,,,20,6,27.9,,16.4,,,,,9.5,,,,,,0,,
L1,12208,20,,,20,4,19.9,,14.3,,,,,7.5,,,,,,0,,
R1,12207,20,,,20,4,17.1,,12.9,,,,,7,,,,,,0,,
R2,12197,20,,,20,4,17.3,,13.4,,,,,7,,,,,,0,,
L1,12208,20,,,20,2,10.6,,10.6,,,,,6,,,,,,0,,
R1,12207,20,,,20,2,8.8,,9.7,,,,,4.5,,,,,,0,,
R2,12197,20,,,20,2,9.5,,9.1,,,,,5.5,,,,,,0,,
R1,12185,22,,,22,8,37,,18.6,,,,,10.5,,,,,,0,,
R1,12185,22,,,22,7,32.1,,18.4,,,,,9,,,,,,0,,
R1,12185,22,,,22,4,22.7,,15.5,,,,,8,,,,,,0,,
R1,12185,22,,,22,2,12.2,,11.7,,,,,6,,,,,,0,,
L1,12199,24,,,24,8,27.8,,16,,,,,8.5,,,,,,0,,
R1,12200,24,,,24,8,34.6,,18.2,,,,,11,,,,,,0,,
L1,12199,24,,,24,6,17.4,,13,,,,,6.5,,,,,,0,,
R1,12200,24,,,24,6,25.6,,16.2,,,,,9.5,,,,,,0,,
L1,12199,24,,,24,4,9.7,,9.3,,,,,4,,,,,,0,,
R1,12200,24,,,24,4,15.2,,12.8,,,,,6.5,,,,,,0,,
L1,12199,24,,,24,2,5.1,,6.9,,,,,2.5,,,,,,0,,
R1,12200,24,,,24,2,6.9,,8.8,,,,,4.5,,,,,,0,,
L1,12202,25,,,25,8,36,,18.5,,,,,10,,,,,,0,,
R1,12203,25,,,25,8,37.5,,18.9,,,,,11,,,,,,0,,
R2,12201,25,,,25,8,32.2,,18.2,,,,,10.5,,,,,,0,,
L1,12202,25,,,25,6,28.1,,16.8,,,,,10,,,,,,0,,
R1,12203,25,,,25,6,29,,16.8,,,,,10,,,,,,0,,
R2,12201,25,,,25,6,22.1,,14.9,,,,,8,,,,,,0,,
L1,12202,25,,,25,4,17.9,,13.8,,,,,7.5,,,,,,0,,
R1,12203,25,,,25,4,18.2,,13.7,,,,,8,,,,,,0,,
R2,12201,25,,,25,4,11.5,,10.2,,,,,5,,,,,,0,,
L1,12202,25,,,25,2,8,,9,,,,,4.5,,,,,,0,,
R1,12203,25,,,25,2,8.2,,9.1,,,,,4.5,,,,,,0,,
R2,12201,25,,,25,2,4.9,,8,,,,,4,,,,,,0,,
L1,12189,29,,,29,8,30.3,,16.5,,,,,10,,,,,,0,,
R1,12190,29,,,29,8,33.5,,18.3,,,,,10.5,,,,,,0,,
L1,12189,29,,,29,6,19,,13.9,,,,,7.5,,,,,,0,,
R1,12190,29,,,29,6,25,,16.1,,,,,9,,,,,,0,,
L1,12189,29,,,29,5,14.7,,11.9,,,,,6,,,,,,0,,
R1,12190,29,,,29,5,18.8,,14,,,,,8,,,,,,0,,
L1,12189,29,,,29,2,5.9,,7.4,,,,,3.5,,,,,,0,,
R1,12190,29,,,29,2,7.4,,8.9,,,,,4,,,,,,0,,
L1,12196,30,,,30,8,37,,18,,,,,10,,,,,,0,,
R1,12194,30,,,30,8,32.2,,17,,,,,8.5,,,,,,0,,
R2,12195,30,,,30,8,29.1,,16.3,,,,,8.5,,,,,,0,,
L1,12196,30,,,30,6,28.7,,16.1,,,,,9.5,,,,,,0,,
R1,12194,30,,,30,6,23.2,,14.1,,,,,7.5,,,,,,0,,
R2,12195,30,,,30,6,20.9,,13.8,,,,,7.5,,,,,,0,,
L1,12196,30,,,30,4,18.1,,13,,,,,6.5,,,,,,0,,
R1,12194,30,,,30,4,11.9,,10.5,,,,,5.5,,,,,,0,,
R2,12195,30,,,30,4,11.6,,10.3,,,,,5.5,,,,,,0,,
L1,12196,30,,,30,2,9.7,,9.4,,,,,4.5,,,,,,0,,
R1,12194,30,,,30,2,5.9,,6.7,,,,,3,,,,,,0,,
R2,12195,30,,,30,2,6,,7,,,,,3.5,,,,,,0,,
L1,12211,36,,,36,6,32.8,,17.9,,,,,11,,,,,,0,,
R1,12212,36,,,36,6,27.2,,16.5,,,,,9,,,,,,0,,
R2,12213,36,,,36,6,32.2,,18.5,,,,,11,,,,,,0,,
L1,12211,36,,,36,4,23.9,,15.5,,,,,9.5,,,,,,0,,
R1,12212,36,,,36,4,17.1,,13.6,,,,,7,,,,,,0,,
R2,12213,36,,,36,4,24.8,,16,,,,,9.5,,,,,,0,,
L1,12211,36,,,36,2,12.4,,11.8,,,,,7,,,,,,0,,
R1,12212,36,,,36,2,8.5,,9.9,,,,,4.5,,,,,,0,,
R2,12213,36,,,36,2,13.7,,12.4,,,,,6.5,,,,,,0,,
L1,12206,42,,,42,8,33,,18.5,,,,,11.5,,,,,,0,,
R1,12205,42,,,42,8,25,,14.5,,,,,7,,,,,,0,,
R2,12204,42,,,42,8,36.3,,18.9,,,,,11.5,,,,,,0,,
L1,12206,42,,,42,6,24.7,,16.4,,,,,10.5,,,,,,0,,
R1,12205,42,,,42,6,17.2,,12.7,,,,,4.5,,,,,,0,,
R2,12204,42,,,42,6,29.5,,17.1,,,,,10.5,,,,,,0,,
L1,12206,42,,,42,4,14.5,,12.7,,,,,6.5,,,,,,0,,
R1,12205,42,,,42,4,10.7,,9.7,,,,,4.5,,,,,,0,,
R2,12204,42,,,42,4,17.5,,13.5,,,,,7.5,,,,,,0,,
L1,12206,42,,,42,2,7.4,,8.4,,,,,4.5,,,,,,0,,
R1,12205,42,,,42,2,5.6,,6.9,,,,,2.5,,,,,,0,,
R2,12204,42,,,42,2,8.1,,9.3,,,,,4,,,,,,0,,
L1,12210,43,,,43,6,29.3,,18.1,,,,,11,,,,,,0,,
R1,12209,43,,,43,6,30.1,,18.3,,,,,10,,,,,,0,,
L1,12210,43,,,43,4,19,,14.3,,,,,8,,,,,,0,,
R1,12209,43,,,43,4,21.5,,15.5,,,,,7.5,,,,,,0,,
L1,12210,43,,,43,2,9.5,,10,,,,,5.5,,,,,,0,,
R1,12209,43,,,43,2,11.4,,11.6,,,,,5,,,,,,0,,
R1,NA,49,,,49,4,12,,11.3,,,,,4,,,,,,0,,
R1,NA,49,,,49,2,7.9,,9.8,,,,,4,,,,,,0,,
L1,NA,57,,,57,4,11.7,,11.1,,,,,4.5,,,,,,0,,
R1,NA,57,,,57,4,18,,14.2,,,,,8,,,,,,0,,
R2,NA,57,,,57,4,10.1,,10.7,,,,,5,,,,,,0,,
L1,NA,57,,,57,2,5.9,,7.7,,,,,3,,,,,,0,,
R1,NA,57,,,57,2,9,,10,,,,,4.5,,,,,,0,,
R2,NA,57,,,57,2,5.5,,7.2,,,,,3,,,,,,0,,
L1,12191,61,,,61,8,32.3,,17.9,,,,,10.5,,,,,,0,,
R1,12192,61,,,61,8,32.2,,17.3,,,,,10,,,,,,0,,
L1,12191,61,,,61,6,24.1,,14.9,,,,,9.5,,,,,,0,,
R1,12192,61,,,61,6,23.4,,15.6,,,,,8.5,,,,,,0,,
L1,12191,61,,,61,4,14.4,,12.1,,,,,5.5,,,,,,0,,
R1,12192,61,,,61,4,14,,12.2,,,,,6,,,,,,0,,
R1,,46069,,,,9,34.1,,17.6,,,,,10.7,,,,,,0,,
R2,,46069,,,,9,34.1,,17.8,,,,,10.4,,,,,,0,,
R1,,46069,,,,7,26.6,,15.8,,,,,9.4,,,,,,0,,
R2,,46069,,,,7,26.1,,15.6,,,,,9.1,,,,,,0,,
R1,,46069,,,,5,16.9,,12.7,,,,,6.8,,,,,,0,,
R2,,46069,,,,5,16.6,,12.5,,,,,7.1,,,,,,0,,
L1,,46069,,,,3,8.6,,9.7,,,,,4.5,,,,,,0,,
R1,,46069,,,,3,9.1,,9.4,,,,,4.2,,,,,,0,,
R2,,46069,,,,3,9,,9.5,,,,,6.2,,,,,,0,,
L1,,46097,,,,9,33.8,,17.7,,,,,11,,,,,,0,,
R1,,46097,,,,9,24.9,,14,,,,,4.9,,,,,,0,,
L1,,46097,,,,7,25.9,,15.7,,,,,9.4,,,,,,0,,
R1,,46097,,,,7,29.8,,12.6,,,,,4.9,,,,,,0,,
L1,,46097,,,,5,18.4,,13.6,,,,,7.6,,,,,,0,,
R1,,46097,,,,5,13.7,,11.7,,,,,4.6,,,,,,0,,
R2,,46097,,,,5,8.9,,8.4,,,,,2.7,,,,,,0,,
L1,,46097,,,,3,9.6,,9.8,,,,,4.8,,,,,,0,,
R1,,46097,,,,3,9.1,,10.1,,,,,4,,,,,,0,,
R2,,46097,,,,3,6,,7.2,,,,,2.4,,,,,,0,,
L1,,46281,,,,6,19.2,,13.9,,,,,6.2,,,,,,0,,
R1,,46281,,,,6,16.2,,13.2,,,,,6.4,,,,,,0,,
L1,,46281,,,,4,10.6,,9.9,,,,,4.6,,,,,,0,,
R1,,46281,,,,4,8.7,,9.1,,,,,3.8,,,,,,0,,
L1,,46281,,,,2,5.9,,7.5,,,,,2.9,,,,,,0,,
R1,,46281,,,,2,5.4,,7.4,,,,,2.5,,,,,,0,,
R2,,46281,,,,2,4.7,,5.7,,,,,1.7,,,,,,0,,
R1,,46311,,,,9,36.7,,17.7,,,,,11.6,,,,,,0,,
R1,,46311,,,,7,29.2,,16.2,,,,,10.5,,,,,,0,,
R1,,46311,,,,5,19.2,,12.2,,,,,6.9,,,,,,0,,
R1,,46311,,,,3,11.1,,10.2,,,,,5.6,,,,,,0,,
L1,,46372,,,,8,33.9,,17.1,,,,,10.4,,,,,,0,,
R1,,46372,,,,8,34.8,,17.9,,,,,10.3,,,,,,0,,
R2,,46372,,,,8,29.9,,16.4,,,,,10.3,,,,,,0,,
L1,,46372,,,,6,14.3,,15.6,,,,,8.9,,,,,,0,,
R1,,46372,,,,6,24.8,,15.6,,,,,9.2,,,,,,0,,
R2,,46372,,,,6,20.2,,14,,,,,7.9,,,,,,0,,
L1,,46372,,,,4,13.9,,12.3,,,,,6,,,,,,0,,
R1,,46372,,,,4,15,,12.7,,,,,6.1,,,,,,0,,
R2,,46372,,,,4,10.3,,10.6,,,,,4.8,,,,,,0,,
L1,,46372,,,,2,6.5,,7.7,,,,,4.2,,,,,,0,,
R1,,46372,,,,2,6.8,,8.8,,,,,4.2,,,,,,0,,
R2,,46372,,,,2,5.5,,7,,,,,3,,,,,,0,,
L1,,16-001-2,,,,6,23.3,,15.1,,,,,8,,,,,,0,,
R1,,16-001-2,,,,6,27.2,,15.5,,,,,8,,,,,,0,,
L1,,16-001-2,,,,4,13.7,,12,,,,,6.6,,,,,,0,,
R1,,16-001-2,,,,4,17.6,,13.4,,,,,6.6,,,,,,0,,
L1,,16-001-2,,,,2,6.2,,7.3,,,,,3.5,,,,,,0,,
R1,,16-001-2,,,,2,9.2,,10,,,,,4.5,,,,,,0,,
L1,,16-014-2,,,,6,25.9,,16,,,,,8.9,,,,,,0,,
R1,,16-014-2,,,,6,22,,14.9,,,,,8.8,,,,,,0,,
R2,,16-014-2,,,,6,26.6,,16,,,,,8.9,,,,,,0,,
L1,,16-014-2,,,,4,16.1,,12.9,,,,,6.5,,,,,,0,,
R1,,16-014-2,,,,4,11,,10.7,,,,,5.6,,,,,,0,,
R2,,16-014-2,,,,4,17,,12.5,,,,,6.7,,,,,,0,,
L1,,16-014-2,,,,2,7.6,,8.4,,,,,3.9,,,,,,0,,
R1,,16-014-2,,,,2,5,,7.4,,,,,3.1,,,,,,0,,
R2,,16-014-2,,,,2,7.8,,8.1,,,,,4.3,,,,,,0,,
R1,,16-029-2,,,,4,7.1,,8.5,,,,,2.4,,,,,,0,,
L1,,16-029-2,,,,2,5.8,,8.3,,,,,2.1,,,,,,0,,
R1,,16-029-2,,,,2,4.3,,6.2,,,,,2.3,,,,,,0,,
L1,,16-13,,,,8,32.8,,18.5,,,,,11.5,,,,,,0,,
R1,,16-13,,,,8,27.1,,15.9,,,,,9.4,,,,,,0,,
R2,,16-13,,,,8,31.9,,17.5,,,,,10.4,,,,,,0,,
L1,,16-13,,,,6,22.5,,15.9,,,,,9.3,,,,,,0,,
R1,,16-13,,,,6,16.2,,13,,,,,6.4,,,,,,0,,
R2,,16-13,,,,6,22.2,,15.2,,,,,7.9,,,,,,0,,
L1,,16-13,,,,4,12.4,,11.9,,,,,6.2,,,,,,0,,
R1,,16-13,,,,4,8.8,,9.3,,,,,4.2,,,,,,0,,
R2,,16-13,,,,4,12.8,,11.5,,,,,6.1,,,,,,0,,
L1,,16-13,,,,2,5.9,,7.9,,,,,3.4,,,,,,0,,
R1,,16-13,,,,2,4.8,,6.9,,,,,2.6,,,,,,0,,
R2,,16-13,,,,2,6,,7.9,,,,,3.2,,,,,,0,,
L1,,16-14,,,,8,32.6,,16.8,,,,,7.8,,,,,,0,,
L1,,16-14,,,,6,23.9,,14.9,,,,,8.5,,,,,,0,,
R1,,16-14,,,,6,26.5,,15.6,,,,,9.6,,,,,,0,,
L1,,16-14,,,,4,14.3,,11.5,,,,,6.1,,,,,,0,,
R1,,16-14,,,,4,15.6,,12.1,,,,,6.4,,,,,,0,,
L1,,16-14,,,,2,7.2,,8.5,,,,,4,,,,,,0,,
R1,,16-14,,,,2,7.7,,8.6,,,,,4,,,,,,0,,
L1,,16-16,,,,8,34,,17,,,,,11.1,,,,,,0,,
R1,,16-16,,,,8,32.1,,17.5,,,,,11.6,,,,,,0,,
L1,,16-16,,,,6,23.8,,14.4,,,,,9.5,,,,,,0,,
R1,,16-16,,,,6,22,,14.6,,,,,9.4,,,,,,0,,
L1,,16-16,,,,4,13.1,,11.3,,,,,5.6,,,,,,0,,
R1,,16-16,,,,4,11.5,,10.9,,,,,6,,,,,,0,,
L1,,16-16,,,,2,6,,7.6,,,,,2.1,,,,,,0,,
R1,,16-16,,,,2,5.7,,7.4,,,,,3.2,,,,,,0,,
L1,,16-18,,,,8,34,,18.6,,,,,11.5,,,,,,0,,
R1,,16-18,,,,8,32.3,,17.7,,,,,11.4,,,,,,0,,
L1,,16-18,,,,6,25.9,,16.5,,,,,10.4,,,,,,0,,
R1,,16-18,,,,6,23.1,,15.2,,,,,8.4,,,,,,0,,
L1,,16-18,,,,4,13.3,,11.6,,,,,6.4,,,,,,0,,
R1,,16-18,,,,4,12.1,,11.5,,,,,5.6,,,,,,0,,
L1,,16-18,,,,2,7.4,,9,,,,,4.2,,,,,,0,,
R1,,16-18,,,,2,5.9,,7.9,,,,,3.5,,,,,,0,,
L1,,16-19,,,,8,26.4,,15.8,,,,,9.3,,,,,,0,,
R1,,16-19,,,,8,35.2,,18.8,,,,,10.9,,,,,,0,,
R2,,16-19,,,,8,37,,19.2,,,,,11.1,,,,,,0,,
L1,,16-19,,,,6,16.7,,13.2,,,,,6.3,,,,,,0,,
R1,,16-19,,,,6,28,,16.9,,,,,10.5,,,,,,0,,
R2,,16-19,,,,6,28.9,,17.2,,,,,10.5,,,,,,0,,
L1,,16-19,,,,4,8.2,,9.2,,,,,3.5,,,,,,0,,
R1,,16-19,,,,4,17.2,,13.2,,,,,7.5,,,,,,0,,
R2,,16-19,,,,4,18,,14.3,,,,,7.8,,,,,,0,,
L1,,16-19,,,,2,4.5,,6.5,,,,,1.9,,,,,,0,,
R1,,16-19,,,,2,8.9,,9.9,,,,,4.2,,,,,,0,,
R2,,16-19,,,,2,9,,10,,,,,4.5,,,,,,0,,
R1,,16-23,,,,8,29.8,,15.8,,,,,9,,,,,,0,,
R1,,16-23,,,,6,21.1,,13.3,,,,,6.9,,,,,,0,,
R1,,16-23,,,,4,11.2,,10.1,,,,,4.8,,,,,,0,,
R1,,16-23,,,,2,6.2,,6.9,,,,,3,,,,,,0,,
L1,,16-24,,,,9,34.4,,17.9,,,,,11.6,,,,,,0,,
R1,,16-24,,,,9,33.6,,17.4,,,,,10.9,,,,,,0,,
L1,,16-24,,,,7,26.6,,16.5,,,,,10.2,,,,,,0,,
R1,,16-24,,,,7,23.9,,15.4,,,,,9.7,,,,,,0,,
L1,,16-24,,,,4,12.2,,12,,,,,6.2,,,,,,0,,
R1,,16-24,,,,4,11.9,,10.7,,,,,5.5,,,,,,0,,
L1,,16-24,,,,2,6.7,,9.1,,,,,3.4,,,,,,0,,
R1,,16-24,,,,2,6.5,,7.8,,,,,3.2,,,,,,0,,
L1,,16-25,,,,10,36.8,,18.7,,,,,12.2,,,,,,0,,
R1,,16-25,,,,10,33.2,,18.9,,,,,10.4,,,,,,0,,
R2,,16-25,,,,10,33.3,,19.1,,,,,10.9,,,,,,0,,
L1,,16-26,,,,10,29.4,,16.9,,,,,10.2,,,,,,0,,
R1,,16-26,,,,10,35.7,,17.8,,,,,11,,,,,,0,,
L1,,16-26,,,,8,20.4,,14.7,,,,,7,,,,,,0,,
R1,,16-26,,,,8,25.6,,15.5,,,,,9.6,,,,,,0,,
L1,,16-26,,,,6,12,,11,,,,,4.8,,,,,,0,,
R1,,16-26,,,,6,14.6,,12.5,,,,,6.5,,,,,,0,,
L1,,16-26,,,,4,5.9,,7.5,,,,,2.6,,,,,,0,,
R1,,16-26,,,,4,7.2,,8.8,,,,,3.9,,,,,,0,,
L1,,16-26,,,,2,3.8,,5.4,,,,,1.3,,,,,,0,,
R1,,16-26,,,,2,4,,5.7,,,,,1.7,,,,,,0,,
R2,,16-26,,,,2,5.1,,7.3,,,,,2.4,,,,,,0,,
R1,,16-27,,,,8,31,,17.4,,,,,10.2,,,,,,0,,
R1,,16-27,,,,6,21,,14.3,,,,,8.3,,,,,,0,,
R1,,16-27,,,,4,16.1,,13.5,,,,,7.4,,,,,,0,,
L1,,16-27,,,,2,5.9,,8,,,,,3.5,,,,,,0,,
R1,,16-27,,,,2,6.1,,7.8,,,,,3.6,,,,,,0,,
R2,,16-27,,,,2,4.6,,6.2,,,,,1.5,,,,,,0,,
R1,,16-28,,,,2,7.4,,9.6,,,,,4.5,,,,,,0,,
L1,,16-29,,,,8,31.2,,15.8,,,,,10,,,,,,0,,
R1,,16-29,,,,8,32.7,,16,,,,,10.4,,,,,,0,,
L1,,16-29,,,,6,13.2,,14,,,,,9.2,,,,,,0,,
R1,,16-29,,,,6,23.8,,13.4,,,,,8.3,,,,,,0,,
L1,,16-29,,,,4,12.3,,10.5,,,,,5.7,,,,,,0,,
R1,,16-29,,,,4,14,,11.2,,,,,6.3,,,,,,0,,
L1,,16-32,,,,8,31.8,,18.2,,,,,10.4,,,,,,0,,
R1,,16-32,,,,8,32.9,,17.6,,,,,10.4,,,,,,0,,
L1,,16-32,,,,6,21.1,,15.8,,,,,8.7,,,,,,0,,
R1,,16-32,,,,6,23.4,,15,,,,,8.7,,,,,,0,,
L1,,16-32,,,,4,12,,11.6,,,,,5.7,,,,,,0,,
R1,,16-32,,,,4,12.7,,11.5,,,,,6.1,,,,,,0,,
L1,,16-32,,,,2,5.8,,7.3,,,,,3.2,,,,,,0,,
R1,,16-32,,,,2,5.7,,7.4,,,,,3.3,,,,,,0,,
L1,,16-32-2,,,,8,30.2,,16.6,,,,,9,,,,,,0,,
L2,,16-32-2,,,,8,28,,15.6,,,,,6.8,,,,,,0,,
L1,,16-32-2,,,,6,22.8,,15.3,,,,,8.4,,,,,,0,,
L2,,16-32-2,,,,6,20.3,,14,,,,,6.4,,,,,,0,,
L1,,16-32-2,,,,4,13.5,,12.4,,,,,6.1,,,,,,0,,
L2,,16-32-2,,,,4,11.5,,11.1,,,,,4.9,,,,,,0,,
R1,,16-32-2,,,,4,11.1,,10.9,,,,,4.8,,,,,,0,,
R2,,16-32-2,,,,4,6.8,,7.7,,,,,2.3,,,,,,0,,
L1,,16-32-2,,,,2,6.4,,8.3,,,,,3.7,,,,,,0,,
L2,,16-32-2,,,,2,5.7,,7.9,,,,,3,,,,,,0,,
R1,,16-32-2,,,,2,5.4,,7.6,,,,,3.1,,,,,,0,,
R2,,16-32-2,,,,2,4.5,,6.5,,,,,2.1,,,,,,0,,
L1,,16-35,,,,8,31.8,,17.4,,,,,11,,,,,,0,,
R1,,16-35,,,,8,28.2,,15.8,,,,,8.9,,,,,,0,,
L1,,16-35,,,,6,20.9,,14.5,,,,,8.2,,,,,,0,,
R1,,16-35,,,,6,18.4,,12.7,,,,,6.5,,,,,,0,,
L1,,16-35,,,,4,12,,10.7,,,,,6.2,,,,,,0,,
R1,,16-35,,,,4,10.9,,9.7,,,,,4.7,,,,,,0,,
L1,,16-35,,,,2,6.1,,8,,,,,3.3,,,,,,0,,
R1,,16-35,,,,2,5.6,,7.6,,,,,1.9,,,,,,0,,
L1,,16-37,,,,8,31,,17.4,,,,,10.5,,,,,,0,,
R1,,16-37,,,,8,33,,17.8,,,,,10.6,,,,,,0,,
R2,,16-37,,,,8,28.7,,16.8,,,,,9.3,,,,,,0,,
L1,,16-37,,,,6,21.5,,15,,,,,8.1,,,,,,0,,
R1,,16-37,,,,6,22.5,,15.6,,,,,7.9,,,,,,0,,
R2,,16-37,,,,6,19.2,,14,,,,,6.6,,,,,,0,,
L1,,16-37,,,,4,12,,11.2,,,,,5.8,,,,,,0,,
R1,,16-37,,,,4,13.7,,11.5,,,,,5.9,,,,,,0,,
R2,,16-37,,,,4,9.9,,9.9,,,,,4.6,,,,,,0,,
L1,,16-37,,,,2,5.4,,6.9,,,,,3,,,,,,0,,
R1,,16-37,,,,2,5.8,,8.1,,,,,3.4,,,,,,0,,
R2,,16-37,,,,2,4.9,,7,,,,,2.4,,,,,,0,,
L1,,16-38,,,,8,30.7,,18.3,,,,,11.1,,,,,,0,,
R1,,16-38,,,,8,33.9,,18.5,,,,,11.8,,,,,,0,,
L1,,16-38,,,,6,21.9,,14.8,,,,,8.4,,,,,,0,,
R1,,16-38,,,,6,25.2,,16.4,,,,,10.3,,,,,,0,,
L1,,16-38,,,,4,12.5,,11.3,,,,,5.2,,,,,,0,,
R1,,16-38,,,,4,15.4,,13,,,,,7.2,,,,,,0,,
L1,,16-38,,,,2,5.9,,7.8,,,,,NA,,,,,,0,,
R1,,16-38,,,,2,7.2,,9.1,,,,,3.9,,,,,,0,,
R1,,16-40,,,,8,35.3,,17.8,,,,,12.9,,,,,,0,,
R1,,16-40,,,,6,26.6,,15.6,,,,,10.7,,,,,,0,,
R1,,16-40,,,,4,16.2,,12.4,,,,,7,,,,,,0,,
R1,,16-40,,,,2,8.1,,8.8,,,,,4,,,,,,0,,
L1,,16-41,,,,8,29.8,,16.8,,,,,10.5,,,,,,0,,
R1,,16-41,,,,8,34.9,,17.9,,,,,10.6,,,,,,0,,
R2,,16-41,,,,8,33,,17.1,,,,,10.2,,,,,,0,,
L1,,16-41,,,,6,21,,14.2,,,,,7.7,,,,,,0,,
R1,,16-41,,,,6,26.5,,16.9,,,,,9.2,,,,,,0,,
R2,,16-41,,,,6,24,,15.4,,,,,8.5,,,,,,0,,
L1,,16-41,,,,4,11.1,,11.2,,,,,6,,,,,,0,,
R1,,16-41,,,,4,16.9,,14,,,,,7.9,,,,,,0,,
R2,,16-41,,,,4,13.8,,12.1,,,,,6.8,,,,,,0,,
L1,,16-41,,,,2,5.6,,8,,,,,3.4,,,,,,0,,
R1,,16-41,,,,2,8.1,,9.7,,,,,4.5,,,,,,0,,
R2,,16-41,,,,2,6.2,,8.2,,,,,4,,,,,,0,,
L1,,16-42,,,,8,29.2,,17.3,,,,,11,,,,,,0,,
R1,,16-42,,,,8,29.1,,16.3,,,,,10.6,,,,,,0,,
L1,,16-42,,,,6,21,,14.9,,,,,8.5,,,,,,0,,
R1,,16-42,,,,6,20.1,,13.1,,,,,8.3,,,,,,0,,
L1,,16-42,,,,4,11.8,,11,,,,,5.6,,,,,,0,,
R1,,16-42,,,,4,10.3,,9.8,,,,,4.7,,,,,,0,,
L1,,16-42,,,,2,5,,7.5,,,,,3,,,,,,0,,
R1,,16-42,,,,2,4.7,,7.1,,,,,2.5,,,,,,0,,
L1,,16-43-2,,,,2,6.4,,8.1,,,,,3.5,,,,,,0,,
R1,,16-43-2,,,,2,5.3,,7.6,,,,,2,,,,,,0,,
R2,,16-43-2,,,,2,5,,6.7,,,,,2,,,,,,0,,
R1,,16-44,,,,8,38,,18.9,,,,,10.1,,,,,,0,,
R1,,16-44,,,,6,30.8,,17.4,,,,,9.5,,,,,,0,,
R1,,16-44,,,,4,20.7,,14.2,,,,,7.5,,,,,,0,,
R1,,16-44,,,,2,10.4,,10.5,,,,,4.8,,,,,,0,,
R1,,16-45,,,,8,28.1,,16,,,,,8.8,,,,,,0,,
R1,,16-45,,,,6,17.8,,13.2,,,,,6.7,,,,,,0,,
L1,,16-45,,,,4,9,,9.4,,,,,3,,,,,,0,,
R1,,16-45,,,,4,10,,9.9,,,,,4.7,,,,,,0,,
L1,,16-45,,,,2,5.8,,8,,,,,2.9,,,,,,0,,
R1,,16-45,,,,2,5.2,,7,,,,,2.8,,,,,,0,,
R2,,16-45,,,,2,4.9,,6.5,,,,,2.4,,,,,,0,,
L1,,16-46,,,,8,30.8,,17.4,,,,,9.8,,,,,,0,,
R1,,16-46,,,,8,32.9,,17.7,,,,,10.2,,,,,,0,,
L1,,16-46,,,,6,22.1,,14.9,,,,,8.2,,,,,,0,,
R1,,16-46,,,,6,23.4,,15.4,,,,,8.8,,,,,,0,,
L1,,16-46,,,,4,12,,11.3,,,,,6,,,,,,0,,
R1,,16-46,,,,4,13,,11.8,,,,,6.6,,,,,,0,,
L1,,16-46,,,,2,5.8,,8,,,,,3.3,,,,,,0,,
R1,,16-46,,,,2,6.1,,7.9,,,,,3.7,,,,,,0,,
L1,,16-46073,,,,8,32.9,,18.2,,,,,8.9,,,,,,0,,
L1,,16-46073,,,,6,24.5,,16.5,,,,,9.2,,,,,,0,,
L1,,16-46073,,,,4,15.7,,13.2,,,,,6.5,,,,,,0,,
R1,,16-46073,,,,4,13.6,,12.5,,,,,6,,,,,,0,,
R2,,16-46073,,,,4,19.2,,14.3,,,,,7.9,,,,,,0,,
L1,,16-46073,,,,2,7.4,,8.7,,,,,3.2,,,,,,0,,
R1,,16-46073,,,,2,6.8,,8.3,,,,,3,,,,,,0,,
R2,,16-46073,,,,2,9.3,,9.7,,,,,4.6,,,,,,0,,
L1,,16-46075,,,,9,34.2,,17.3,,,,,10.6,,,,,,0,,
R1,,16-46075,,,,9,36.9,,18.6,,,,,11.3,,,,,,0,,
R2,,16-46077,,,,8,32.7,,17.3,,,,,10,,,,,,0,,
R1,,16-46077,,,,6,23.7,,15.7,,,,,8.8,,,,,,0,,
R2,,16-46077,,,,6,24.4,,15.8,,,,,8.9,,,,,,0,,
L1,,16-46077,,,,4,13.5,,11.5,,,,,5.8,,,,,,0,,
R1,,16-46077,,,,4,13.9,,12.3,,,,,6.5,,,,,,0,,
R2,,16-46077,,,,4,14.8,,12.5,,,,,6.3,,,,,,0,,
L1,,16-46077,,,,2,6.9,,8,,,,,3.5,,,,,,0,,
R1,,16-46077,,,,2,6.5,,8.4,,,,,3.7,,,,,,0,,
R2,,16-46077,,,,2,6.9,,8.4,,,,,3.6,,,,,,0,,
R1,,16-46081,,,,8,31.2,,17.3,,,,,10.4,,,,,,0,,
R1,,16-46081,,,,6,24.4,,16,,,,,8.6,,,,,,0,,
R1,,16-46081,,,,4,15.5,,12.5,,,,,6.5,,,,,,0,,
R1,,16-46081,,,,2,6.5,,8.9,,,,,3.7,,,,,,0,,
L1,,16-47,,,,8,30.7,,17.5,,,,,9.4,,,,,,0,,
R1,,16-47,,,,8,32.5,,18.3,,,,,11.3,,,,,,0,,
R2,,16-47,,,,8,30.3,,17.5,,,,,9,,,,,,0,,
L1,,16-47,,,,6,21.8,,15.5,,,,,7.5,,,,,,0,,
R1,,16-47,,,,6,23.3,,15.7,,,,,8.5,,,,,,0,,
R2,,16-47,,,,6,21.7,,15.1,,,,,7.3,,,,,,0,,
L1,,16-47,,,,4,12.2,,11.5,,,,,5.5,,,,,,0,,
R1,,16-47,,,,4,13.8,,12.3,,,,,6.3,,,,,,0,,
R2,,16-47,,,,4,12.5,,11.2,,,,,5.3,,,,,,0,,
L1,,16-47,,,,2,5.8,,8.2,,,,,3.1,,,,,,0,,
R1,,16-47,,,,2,6.1,,8.5,,,,,3,,,,,,0,,
R2,,16-47,,,,2,6.2,,8.1,,,,,3.1,,,,,,0,,
L1,,16-49,,,,8,27.7,,15.7,,,,,9.8,,,,,,0,,
R1,,16-49,,,,8,29.4,,17.2,,,,,11.2,,,,,,0,,
L1,,16-49,,,,6,18.2,,13.2,,,,,7.6,,,,,,0,,
R1,,16-49,,,,6,20.2,,14.3,,,,,8.8,,,,,,0,,
L1,,16-49,,,,3,7.2,,8.9,,,,,3.5,,,,,,0,,
R1,,16-49,,,,3,8.2,,9.8,,,,,4.2,,,,,,0,,
R2,,16-49,,,,3,5.4,,7.3,,,,,2.3,,,,,,0,,
L1,,16-49-2,,,,8,35,,17.9,,,,,10.3,,,,,,0,,
R1,,16-49-2,,,,8,31.2,,17.3,,,,,9.8,,,,,,0,,
L1,,16-49-2,,,,6,26,,15.5,,,,,9.1,,,,,,0,,
R1,,16-49-2,,,,6,21.8,,14.6,,,,,7.8,,,,,,0,,
L1,,16-49-2,,,,4,16.8,,12.5,,,,,6.1,,,,,,0,,
R1,,16-49-2,,,,4,12.8,,11.7,,,,,5.6,,,,,,0,,
L1,,16-49-2,,,,2,9,,9.3,,,,,3.6,,,,,,0,,
R1,,16-49-2,,,,2,6.3,,8.3,,,,,3.4,,,,,,0,,
R1,,16-50-2,,,,7,29.4,,18.1,,,,,9.7,,,,,,0,,
R1,,16-53,,,,9,40.1,,18.3,,,,,11,,,,,,0,,
L1,,16-56-2,,,,8,35.2,,18.3,,,,,10.3,,,,,,0,,
R1,,16-56-2,,,,8,36.3,,18.3,,,,,10.7,,,,,,0,,
L1,,16-56-2,,,,6,25.6,,16,,,,,9.3,,,,,,0,,
R1,,16-56-2,,,,6,27.8,,16.3,,,,,9.9,,,,,,0,,
L1,,16-56-2,,,,4,16.1,,13.1,,,,,6.1,,,,,,0,,
R1,,16-56-2,,,,4,16.6,,13.1,,,,,7,,,,,,0,,
R2,,16-56-2,,,,4,12.3,,11.6,,,,,6.1,,,,,,0,,
L1,,16-56-2,,,,2,8,,9.7,,,,,4.1,,,,,,0,,
R1,,16-56-2,,,,2,8.7,,8.6,,,,,4.5,,,,,,0,,
R2,,16-56-2,,,,2,6.1,,7.7,,,,,3.2,,,,,,0,,
R1,,16-65,,,,6,23.9,,15.9,,,,,9,,,,,,0,,
R2,,16-65,,,,6,24,,16.2,,,,,9.4,,,,,,0,,
L1,,16-65,,,,4,12.5,,12.1,,,,,6,,,,,,0,,
R1,,16-65,,,,4,12.9,,12,,,,,5.4,,,,,,0,,
R2,,16-65,,,,4,14.4,,12.4,,,,,6.1,,,,,,0,,
L1,,16-65,,,,2,6.3,,8.7,,,,,3.1,,,,,,0,,
R1,,16-65,,,,2,6.6,,8.8,,,,,3,,,,,,0,,
R2,,16-65,,,,2,7.4,,8.9,,,,,3.5,,,,,,0,,
R1,,16-69,,,,8,33.4,,17.1,,,,,9.5,,,,,,0,,
L1,,16-71,,,,8,35.4,,18.6,,,,,11.5,,,,,,0,,
R1,,16-71,,,,8,35,,18.8,,,,,12.1,,,,,,0,,
R2,,16-71,,,,8,32.9,,18.1,,,,,10.5,,,,,,0,,
L1,,16-71,,,,6,26.6,,17.3,,,,,10.2,,,,,,0,,
R1,,16-71,,,,6,24.5,,16.8,,,,,10.4,,,,,,0,,
R2,,16-71,,,,6,22.2,,15.5,,,,,9.5,,,,,,0,,
L1,,16-71,,,,4,16.6,,13.8,,,,,7.5,,,,,,0,,
R1,,16-71,,,,4,15.4,,13.2,,,,,6.7,,,,,,0,,
R2,,16-71,,,,4,12.1,,11.9,,,,,6.2,,,,,,0,,
L1,,16-71,,,,2,8.8,,9.8,,,,,4.4,,,,,,0,,
R1,,16-71,,,,2,6.9,,9.1,,,,,3.9,,,,,,0,,
R2,,16-71,,,,2,5.8,,8.2,,,,,3.6,,,,,,0,,
L1,,16-72-2,,,,8,32.3,,18,,,,,10.6,,,,,,0,,
R1,,16-72-2,,,,8,32.8,,17.9,,,,,10.9,,,,,,0,,
R2,,16-72-2,,,,8,29,,17.3,,,,,9.6,,,,,,0,,
L1,,16-72-2,,,,6,23.6,,15.6,,,,,8.6,,,,,,0,,
R1,,16-72-2,,,,6,22.8,,15.4,,,,,10.2,,,,,,0,,
R2,,16-72-2,,,,6,18.2,,14.5,,,,,7.6,,,,,,0,,
L1,,16-72-2,,,,4,13.2,,12.3,,,,,5.9,,,,,,0,,
R1,,16-72-2,,,,4,13.6,,11.7,,,,,6.3,,,,,,0,,
R2,,16-72-2,,,,4,10.2,,10.7,,,,,4.6,,,,,,0,,
L1,,16-72-2,,,,2,6,,8,,,,,3.3,,,,,,0,,
R1,,16-72-2,,,,2,6.2,,8.2,,,,,3.2,,,,,,0,,
R2,,16-72-2,,,,2,4.8,,7.3,,,,,2.6,,,,,,0,,
L1,,16-76,,,,8,30.7,,16.7,,,,,8.5,,,,,,0,,
R1,,16-76,,,,8,32.9,,18,,,,,10.3,,,,,,0,,
R2,,16-76,,,,8,34.1,,17.9,,,,,9.5,,,,,,0,,
L1,,16-76,,,,6,22.5,,14.3,,,,,7.8,,,,,,0,,
R1,,16-76,,,,6,25.2,,15.8,,,,,9.1,,,,,,0,,
R2,,16-76,,,,6,25.6,,15.9,,,,,9.7,,,,,,0,,
L1,,16-76,,,,4,12.4,,11.7,,,,,5.5,,,,,,0,,
R1,,16-76,,,,4,14.8,,13,,,,,6.8,,,,,,0,,
R2,,16-76,,,,4,16.4,,12.9,,,,,7,,,,,,0,,
L1,,16-76,,,,2,6.4,,7.7,,,,,3.2,,,,,,0,,
R1,,16-76,,,,2,7.6,,9.1,,,,,3.8,,,,,,0,,
R2,,16-76,,,,2,7.5,,9.1,,,,,4.1,,,,,,0,,
L1,,16-77,,,,8,33.1,,18.1,,,,,9.7,,,,,,0,,
R2,,16-77,,,,8,27.7,,16.1,,,,,7.9,,,,,,0,,
L1,,16-77,,,,6,24.4,,15.8,,,,,8.7,,,,,,0,,
R1,,16-77,,,,6,25,,16.4,,,,,8.6,,,,,,0,,
R2,,16-77,,,,6,18.8,,13.3,,,,,6.1,,,,,,0,,
L1,,16-77,,,,4,14.5,,12.3,,,,,5.9,,,,,,0,,
R1,,16-77,,,,4,14,,12.8,,,,,6.3,,,,,,0,,
R2,,16-77,,,,4,10,,10.1,,,,,4.7,,,,,,0,,
L1,,16-77,,,,2,6.5,,8.3,,,,,3.4,,,,,,0,,
R1,,16-77,,,,2,6.8,,9,,,,,3.5,,,,,,0,,
R2,,16-77,,,,2,5.3,,7.3,,,,,2.9,,,,,,0,,
R1,,16-78,,,,4,8.7,,10.3,,,,,2.9,,,,,,0,,
L1,,16-78,,,,2,6,,7.5,,,,,2.9,,,,,,0,,
R1,,16-78,,,,2,6.9,,9.2,,,,,4,,,,,,0,,
R2,,16-78,,,,2,5.9,,7.8,,,,,3,,,,,,0,,
L1,,16-81,,,,8,38,,19,,,,,10.7,,,,,,0,,
R1,,16-81,,,,8,34.2,,17.5,,,,,10.6,,,,,,0,,
L1,,16-81,,,,6,25.5,,15.6,,,,,8.5,,,,,,0,,
R1,,16-81,,,,6,29.6,,17.7,,,,,10.4,,,,,,0,,
L1,,16-81,,,,4,20,,14.2,,,,,8.2,,,,,,0,,
R1,,16-81,,,,4,15.2,,12.3,,,,,6.5,,,,,,0,,
L1,,16-81,,,,2,19.7,,10.3,,,,,5.1,,,,,,0,,
R1,,16-81,,,,2,6.7,,8.2,,,,,3.6,,,,,,0,,
L1,,16-83,,,,6,22.7,,14.7,,,,,6.8,,,,,,0,,
R1,,16-83,,,,6,23.7,,15.9,,,,,7.8,,,,,,0,,
L1,,16-83,,,,4,13.5,,12.1,,,,,5.9,,,,,,0,,
R1,,16-83,,,,4,14.2,,12.5,,,,,5.9,,,,,,0,,
R2,,16-83,,,,4,9.6,,9.9,,,,,3.7,,,,,,0,,
L1,,16-83,,,,2,6.6,,8.5,,,,,3.7,,,,,,0,,
R1,,16-83,,,,2,6.6,,8.5,,,,,3.5,,,,,,0,,
R2,,16-83,,,,2,5.1,,6.8,,,,,2.4,,,,,,0,,
L1,,16-85,,,,9,34.8,,18.7,,,,,10.3,,,,,,0,,
R1,,16-85,,,,9,35.8,,18.7,,,,,11.4,,,,,,0,,
R2,,16-85,,,,9,31,,16.7,,,,,8.8,,,,,,0,,
L1,,16-86,,,,8,32.4,,17.3,,,,,9.1,,,,,,0,,
R1,,16-86,,,,8,26.9,,16,,,,,6.6,,,,,,0,,
R2,,16-86,,,,8,35.1,,18.5,,,,,9.6,,,,,,0,,
L1,,16-86,,,,6,24.8,,16,,,,,8.6,,,,,,0,,
R1,,16-86,,,,6,18.7,,13.7,,,,,6.4,,,,,,0,,
R2,,16-86,,,,6,26.7,,16.5,,,,,9.3,,,,,,0,,
L1,,16-86,,,,4,14.3,,13.1,,,,,6.7,,,,,,0,,
R1,,16-86,,,,4,10.2,,10.2,,,,,4.8,,,,,,0,,
R2,,16-86,,,,4,15.8,,13.4,,,,,7.7,,,,,,0,,
L1,,16-86,,,,2,6.4,,7.9,,,,,3.8,,,,,,0,,
R1,,16-86,,,,2,5.1,,7,,,,,2.4,,,,,,0,,
R2,,16-86,,,,2,7.5,,9.2,,,,,4,,,,,,0,,
L1,,16-87,,,,8,28.5,,16.3,,,,,7.5,,,,,,0,,
R1,,16-87,,,,8,33,,17.5,,,,,6.8,,,,,,0,,
R2,,16-87,,,,8,33.8,,18.1,,,,,8,,,,,,0,,
L1,,16-87,,,,6,20.6,,14.1,,,,,6.5,,,,,,0,,
R1,,16-87,,,,6,25.9,,15.8,,,,,6.5,,,,,,0,,
R2,,16-87,,,,6,25.5,,16.5,,,,,9.2,,,,,,0,,
L1,,16-87,,,,4,11.6,,10.9,,,,,4.9,,,,,,0,,
R1,,16-87,,,,4,16.4,,13.5,,,,,5.5,,,,,,0,,
R2,,16-87,,,,4,16.8,,13.4,,,,,5.7,,,,,,0,,
1MA1,N/A,12025.1,2,45953,N/A,4,17.1,1.5,12.7,4.95,3.3,2.3,2.7,5.75,5.3,0,5.3,0,,1,,MA1
2MA1,N/A,12025.1,2,45953,N/A,4,13.5,1.5,11.8,4.9,3.4,2,2.6,5.09,3.4,0,3.4,0,,1,,MA2
1MA1,N/A,12025.1,2,45953,N/A,2,8.5,0,9.1,3.8,3,2.4,2.4,3.34,0,0,0,0,,1,,MA3
2MA1,N/A,12025.1,2,45953,N/A,2,7.7,0,8.1,3.65,2.55,2,2,3.01,0,0,0,0,,1,,MA4
1MA10,N/A,12025.1,3,45968,N/A,3,13.2,1.5,11.1,3.9,2.6,2.2,2.7,4.55,2.6,0,2.6,0,,1,,MA10
2MA10,N/A,12025.1,3,45968,N/A,3,11.3,1.5,9.8,4.1,2.4,2.2,2.6,4.24,1.8,0,1.8,0,,1,,MA10
3MA10,N/A,12025.1,3,45968,N/A,3,12.95,2,11.7,4.3,3,2.6,2.5,4.79,2.2,0,2.2,0,,1,,MA10
1MA10,N/A,12025.1,3,45968,N/A,1,7,1,7.9,3.4,2,1.6,1.5,2.44,0,0,0,0,,1,,MA10
2MA10,N/A,12025.1,3,45968,N/A,1,6.8,1,7.6,3.4,2.3,1.5,1.6,2.3,0,0,0,0,,1,,MA10
3MA10,N/A,12025.1,3,45968,N/A,1,5.8,1,6.65,3.1,2.4,1.3,1.5,1.88,0,0,0,0,,1,,MA10
1MA22,N/A,12025.22,3,45975,N/A,6,22.5,4,14.5,5.6,4.1,2.9,2.1,6.98,9.3,0,9.3,0,,1,,MA22
2MA22,N/A,12025.22,3,45975,N/A,6,21.3,4.5,14.5,5,2.9,2,2,6.09,9.7,0,9.7,0,,1,,MA22
1MA22,N/A,12025.22,3,45975,N/A,4,9.6,2,11.2,4.5,2.8,2.6,2.4,4.88,3.6,0,3.6,0,,1,,MA22
2MA22,N/A,12025.22,3,45975,N/A,4,14.1,3,11.3,4.3,3,2.2,1.9,4.77,4.2,0,4.2,0,,1,,MA22
1MA22,N/A,12025.22,3,45975,N/A,2,7.1,1,8.1,3.3,1.8,1.9,2.2,2.55,0,0,0,0,,1,,MA22
2MA22,N/A,12025.22,3,45975,N/A,2,7.2,1.5,7.9,3.6,2.8,1.9,2,2.71,0,0,0,0,,1,,MA22
1MA30,N/A,12025.3,3,45965,N/A,4,16,1.5,12.3,4.5,3,2,2.4,5.56,4.4,0,4.4,0,,1,,MA30
2MA30,N/A,12025.3,3,45965,N/A,4,19,1.5,13.7,4.8,3.4,2,2.5,6.54,6.8,0,6.8,0,,1,,MA30
3MA30,N/A,12025.3,3,45965,N/A,4,20.3,2,14.1,5.3,3.5,2,2.6,6.68,8,0,8,0,,1,,MA30
1MA30,N/A,12025.3,3,45965,N/A,2,8,1.5,8.3,3.4,2.5,1.8,2.1,2.97,0,0,0,0,,1,,MA30
2MA30,N/A,12025.3,3,45965,N/A,2,10.3,1.5,9.9,3.9,2.4,1.85,2.2,3.69,1.1,0,1.1,0,,1,,MA30
3MA30,N/A,12025.3,3,45965,N/A,2,11.6,2,10.7,4.2,2.9,2.1,2.6,3.97,1.6,0,1.6,0,,1,,MA30
1MA32,76465,12025.32,4,45981,45988,7,31.1,6.5,16.7,6.8,4.5,2.2,2.3,8.65,14.5,4.7,19.2,0.324137931,7,1,,MA32
2MA32,76464,12025.32,4,45981,45988,7,29.1,5,16.4,6.3,4.1,2.3,2.5,8.37,13.4,3.8,17.2,0.28358209,7,1,,MA32
3MA32,76462,12025.32,4,45981,45988,7,30.5,7,16.3,6.35,3.75,2.2,2.5,8.01,13.7,4.5,18.2,0.328467153,7,1,,MA32
4MA32,76463,12025.32,4,45981,45988,7,22.7,3,14.3,5.9,3.4,2,2.4,6.35,10.6,0.4,11,0.037735849,7,1,,MA32
1MA32,76465,12025.32,4,45981,45988,4,16.8,2.5,13.3,5.2,3.4,2,2.1,5.95,4.1,0,4.1,0,,1,,MA32
2MA32,76464,12025.32,4,45981,45988,4,15,3,12.5,4.1,3.2,2.1,2.4,5.1,3.4,0,3.4,0,,1,,MA32
3MA32,76462,12025.32,4,45981,45988,4,16,3,12.4,4.7,3.1,1.9,2.1,4.93,4.3,0,4.3,0,,1,,MA32
4MA32,76463,12025.32,4,45981,45988,4,9.4,2,9.1,4,2.7,1.8,2.1,2.99,1.4,0,1.4,0,,1,,MA32
1MA32,76465,12025.32,4,45981,45988,2,3.2,8.4,9.3,4,2.8,2,2.1,2,0,0,0,0,,1,,MA32
2MA32,76464,12025.32,4,45981,45988,2,2.97,8.2,8.8,4,2.7,2.2,2.2,2,0,0,0,0,,1,,MA32
3MA32,76462,12025.32,4,45981,45988,2,2.84,7.7,8.8,3.7,2.8,1.9,2,2,0,0,0,0,,1,,MA32
4MA32,76463,12025.32,4,45981,45988,2,1.87,5.9,6.8,3.2,2.7,1.8,1.9,1.5,0,0,0,0,,1,,MA32
1MA43,N/A,12025.43,3,45970,N/A,6,30,5,15.3,6.1,4,2,2.5,7.24,13,2.2,15.2,0.169230769,6,1,,MA43
1WG43,N/A,12025.43,3,45995,N/A,6,19.8,2.5,13.6,5.4,3.4,2.1,2.4,6.65,7.3,0,7.3,0,,1,,MA43
2MA43,N/A,12025.43,3,45970,N/A,6,29.9,4.5,16.25,5.9,3.6,2.2,2.6,8.34,13,2.7,15.7,0.207692308,6,1,,MA43
2WG43,N/A,12025.43,3,45995,N/A,6,25,4.5,14.9,5.6,3.65,2.1,2.45,7.92,11.2,0,11.2,0,,1,,MA43
3MA43,N/A,12025.43,3,45970,N/A,6,26.4,4,15,5.7,3.85,2.2,2.6,7.5,12.4,1,13.4,0.080645161,6,1,,MA43
3WG43,N/A,12025.43,3,45995,N/A,6,25,4,14.3,5.7,3.5,2,2.5,7.38,11.2,0,11.2,0,,1,,MA43
1MA43,N/A,12025.43,3,45970,N/A,4,19.6,2.5,13.5,6,3.3,2,2.5,5.4,7.9,0,7.9,0,,1,,MA43
1WG43,N/A,12025.43,3,45995,N/A,4,11.4,2,10.1,4.35,2.7,1.75,2.2,4.92,1.2,0,1.2,0,,1,,MA43
2MA43,N/A,12025.43,3,45970,N/A,4,18,2,14,5.3,3.2,2.1,2.5,5.9,7.8,0,7.8,0,,1,,MA43
2WG43,N/A,12025.43,3,45995,N/A,4,16.3,3,12.25,4.9,3.1,1.85,2,6.27,4.3,0,4.3,0,,1,,MA43
3MA43,N/A,12025.43,3,45970,N/A,4,17.1,1.5,12.2,5,3.2,2.2,2.3,5.44,5.9,0,5.9,0,,1,,MA43
3WG43,N/A,12025.43,3,45995,N/A,4,15.2,2.5,11.7,5,3,2,2.3,5.88,4.2,0,4.2,0,,1,,MA43
1MA43,N/A,12025.43,3,45970,N/A,2,10.4,1.5,10.2,4,2.6,1.8,2.3,3.89,0.7,0,0.7,0,,1,,MA43
1WG43,N/A,12025.43,3,45995,N/A,2,7.4,1,6.5,3.5,2,1.6,1.5,2.08,0,0,0,0,,1,,MA43
2MA43,N/A,12025.43,3,45970,N/A,2,10.5,1.5,9.9,4.1,2.75,2.2,2.5,3.99,0.8,0,0.8,0,,1,,MA43
2WG43,N/A,12025.43,3,45995,N/A,2,8.5,1.5,8.9,3.7,2.4,1.8,1.9,3.25,0.5,0,0.5,0,,1,,MA43
3MA43,N/A,12025.43,3,45970,N/A,2,8.67,1,8.2,3.6,2.4,1.8,2.5,3.07,0.3,0,0.3,0,,1,,MA43
3WG43,N/A,12025.43,3,45995,N/A,2,8.6,1.5,8.6,3.8,2.5,1.7,1.8,3.21,0.2,0,0.2,0,,1,,MA43
1MA46,N/A,12025.46,3,45980,N/A,7,27.25,5,15.3,5.7,4,2.3,2.2,8.29,12.2,1.5,13.7,0.12295082,7,1,,MA46
2MA46,N/A,12025.46,3,45980,N/A,7,24.7,3.5,14.8,5.7,3.6,1.9,2.1,8.35,11.4,0,11.4,0,,1,,MA46
3MA46,N/A,12025.46,3,45980,N/A,7,28.9,6,14.8,5.8,4,2.1,2,8.1,12.2,2.7,14.9,0.221311475,7,1,,MA46
1MA46,N/A,12025.46,3,45980,N/A,4,17.7,3.5,12.9,4.9,2.9,2,2.2,6.08,5.7,0,5.7,0,,1,,MA46
2MA46,N/A,12025.46,3,45980,N/A,4,15.6,3,12.2,4.7,3.1,2.1,2.2,5.96,5,0,5,0,,1,,MA46
3MA46,N/A,12025.46,3,45980,N/A,4,18.8,3,12.8,5.5,3.9,2,2.3,6.4,6.5,0,6.5,0,,1,,MA46
1MA46,N/A,12025.46,3,45980,N/A,2,8.9,2,8.6,4.3,3,1.9,1.9,3.31,0,0,0,0,,1,,MA46
2MA46,N/A,12025.46,3,45980,N/A,2,7.1,2,8.2,3.7,2.7,1.9,2.2,2.78,0,0,0,0,,1,,MA46
3MA46,N/A,12025.46,3,45980,N/A,2,8.8,3,9,3.6,2.6,2.2,1.9,3.5,1.1,0,1.1,0,,1,,MA46
1MA52,76458,12025.52,3,45981,45988,8,28.8,4,15.9,5.9,4.3,2.3,2.2,8.57,13.7,4,17.7,0.291970803,,1,,MA52
2MA52,76457,12025.52,3,45981,45988,8,35.2,13,16.7,6.4,4.4,2.5,2.7,8.64,17.8,8.6,26.4,0.483146067,,1,,MA52
3MA52,76459,12025.52,3,45981,45988,8,33.8,10.2,16.6,6,4.4,2.4,2.8,8.66,17.5,8.9,26.4,0.508571429,,1,,MA52
1MA52,76458,12025.52,3,45981,45988,7,23.8,3,14.8,5.3,3.8,2.3,2.1,6.57,10.8,0.9,11.7,0.083333333,7,1,,MA52
2MA52,76457,12025.52,3,45981,45988,7,31.6,7,16.6,6.3,4.2,2,2.9,8.28,15,3.8,18.8,0.253333333,7,1,,MA52
3MA52,76459,12025.52,3,45981,45988,7,29.8,6,15.8,5.8,3.5,2.2,2.3,7.96,15.4,2,17.4,0.12987013,7,1,,MA52
1MA52,76458,12025.52,3,45981,45988,4,10.9,2.5,10.3,4,2.9,2,2.1,3.94,1.9,0,1.9,0,,1,,MA52
2MA52,76457,12025.52,3,45981,45988,4,17.1,3,13,4.8,3,2,2.6,5.68,4.7,0,4.7,0,,1,,MA52
3MA52,76459,12025.52,3,45981,45988,4,15.8,3,12.1,4.8,3.5,2.1,2.2,5.43,4.7,0,4.7,0,,1,,MA52
1MA52,76458,12025.52,3,45981,45988,2,5.9,2,6.5,3.2,2.3,1.6,1.7,1.9,0,0,0,0,,1,,MA52
2MA52,76457,12025.52,3,45981,45988,2,8.9,2,8.8,3.8,2.7,2,2.1,3.29,0,0,0,0,,1,,MA52
3MA52,76459,12025.52,3,45981,45988,2,8.4,2,8.5,3.5,2.5,2,2.15,3.02,0,0,0,0,,1,,MA52
1MA57,N/A,12025.57,3,45995,N/A,4,21,3,14.1,5.5,3.3,2,2.25,7.08,7.8,0,7.8,0,,1,,MA57
2MA57,N/A,12025.57,3,45995,N/A,4,15,2,12,5,3.1,1.9,2.3,5.43,4.1,0,4.1,0,,1,,MA57
1MA57,N/A,12025.57,3,45995,N/A,2,11.3,2.5,10.8,4.2,3,2.1,2.1,4.43,2,0,2,0,,1,,MA57
2MA57,N/A,12025.57,3,45995,N/A,2,8.3,2,8.3,4.1,2.8,1.7,2,2.57,0.9,0,0.9,0,,1,,MA57
1MA60,N/A,12025.6,4,45989,N/A,6,27.7,6,14.85,5.7,3.3,1.9,2.1,7.73,12.6,0.7,13.3,0.055555556,6,1,,MA60
2MA60,N/A,12025.6,4,45989,N/A,6,20.8,3,13.8,5.2,2.9,2.2,2.6,6.54,8.4,0,8.4,0,,1,,MA60
1MA60,N/A,12025.6,4,45989,N/A,3,13.5,2.5,10.75,4.35,2.9,1.8,2,4.68,2.75,0,2.75,0,,1,,MA60
2MA60,N/A,12025.6,4,45989,N/A,3,8.6,2,7.8,4,2.3,1.9,2.1,3.12,0.3,0,0.3,0,,1,,MA60
1MA64,N/A,12025.64,2,45993,N/A,7,30,5,16,6,3.8,2.3,2.7,8.15,14.4,4,18.4,0.277777778,7,1,,MA64
2MA64,76492,12025.64,2,45993,46000,7,33,8,16.7,6.5,4,2.5,2.6,8.46,16.1,6,22.1,0.372670807,7,1,,MA64
1MA64,N/A,12025.64,2,45993,N/A,5,18.9,2.5,13.3,4.95,3.7,2.3,2.6,6.17,7.3,0,7.3,0,,1,,MA64
2MA64,76492,12025.64,2,45993,N/A,5,23.1,4,14.7,5.2,3.5,2.1,2.2,6.72,10,0,10,0,,1,,MA64
1MA64,N/A,12025.64,2,45993,N/A,3,11,2,10.1,4.5,2.9,1.9,2.3,3.6,1.8,0,1.8,0,,1,,MA64
2MA64,76492,12025.64,2,45993,N/A,3,14.5,2.5,11.1,4.8,3.4,1.95,2.3,3.9,3,0,3,0,,1,,MA64
1MA73,55808,12025.73,4,46011,46017,8,37.4,18,17.5,7.6,4.6,2.3,2.7,7.92,20.6,13.2,33.8,0.640776699,,1,,MA73
2MA73,55809,12025.73,4,46011,46017,8,35.8,12.3,16.85,6.85,4,2.1,2.4,7.63,18.25,10.3,28.55,0.564383562,,1,,MA73
3MA73,55807,12025.73,4,46011,46017,8,33.5,9.7,16.7,6.7,3.8,2.2,2.35,8.61,17.3,7.8,25.1,0.450867052,8,1,,MA73
1MA73,55808,12025.73,4,46011,46017,6,30.65,7.5,17,6.5,3.8,2.3,2.5,7.84,14.6,4.2,18.8,0.287671233,6,1,,MA73
2MA73,55809,12025.73,4,46011,46017,6,27.8,5.5,16.2,6.3,3.65,2.1,2.3,7.17,13,3.8,16.8,0.292307692,6,1,,MA73
3MA73,55807,12025.73,4,46011,46017,6,24.7,4,15.8,5.7,3.2,2,2.4,7.5,11.2,0,11.2,0,,1,,MA73
1MA73,55808,12025.73,4,46011,46017,4,20.7,3.5,14.6,5.3,3.4,2.1,2.3,6.1,7.65,0,7.65,0,,1,,MA73
2MA73,55809,12025.73,4,46011,46017,4,17.85,2,13,5,3,1.8,2.3,4.81,5.95,0,5.95,0,,1,,MA73
3MA73,55807,12025.73,4,46011,46017,4,14.5,2,12.2,4.8,2.6,1.9,1.9,4.5,4.1,0,4.1,0,,1,,MA73
1MA73,55808,12025.73,4,46011,46017,2,10.5,2.5,10.4,4.4,2.4,1.8,2,3.73,0.9,0,0.9,0,,1,,MA73
2MA73,55809,12025.73,4,46011,46017,2,9,2,9,3.8,2.1,1.65,2,2.93,0.5,0,0.5,0,,1,,MA73
3MA73,55807,12025.73,4,46011,46017,2,7.5,2,7.8,3.7,2,1.6,1.5,2.35,0.1,0,0.1,0,,1,,MA73
1RJ1,76466,22025.1,4,45980,45988,8,36.8,10,16.2,7.3,4.8,2.3,2.7,8.26,19.1,13,32.1,0.680628272,,1,,RJ1
2RJ1,76469,22025.1,4,45980,45988,8,33.1,7,15.6,6.65,4.4,2.1,2.9,7.42,16.9,7.4,24.3,0.437869822,,1,,RJ1
3RJ1,76468,22025.1,4,45980,45988,8,37.2,12,16.4,8.3,4.9,2.45,2.8,8.83,19.4,13.3,32.7,0.68556701,,1,,RJ1
4RJ1,76467,22025.1,4,45980,45988,8,34.8,8,16.35,6.9,4.3,2.4,2.7,7.68,18.2,12.6,30.8,0.692307692,8,1,,RJ1
1RJ1,76466,22025.1,4,45980,45988,6,29.9,6,13.3,6.6,4.1,2.4,2.7,7.67,13.4,5,18.4,0.373134328,6,1,,RJ1
2RJ1,76469,22025.1,4,45980,45988,6,24.8,4,14.3,6,3.8,2.1,2.8,6.07,10.3,1.3,11.6,0.126213592,6,1,,RJ1
3RJ1,76468,22025.1,4,45980,45988,6,30,5,15.3,6.6,4.7,2.5,2.8,7.78,14.1,4.6,18.7,0.326241135,6,1,,RJ1
4RJ1,76467,22025.1,4,45980,45988,6,27.8,6,15.4,6,3.95,2.3,2.8,7.14,12.6,0,12.6,0,,1,,RJ1
1RJ1,76466,22025.1,4,45980,45988,4,20.1,3,13.2,5.5,3.6,2,2.1,6.83,6.6,0,6.6,0,,1,,RJ1
2RJ1,76469,22025.1,4,45980,45988,4,14,2.5,11.7,5,3.2,2,2.3,5.16,3.5,0,3.5,0,,1,,RJ1
3RJ1,76468,22025.1,4,45980,45988,4,20.2,3,13.2,5.8,3.8,2.1,2.1,6.54,8,0,8,0,,1,,RJ1
4RJ1,76467,22025.1,4,45980,45988,4,17.3,3,13.2,5.4,3.3,2.2,2.5,6.25,5.7,0,5.7,0,,1,,RJ1
1RJ1,76466,22025.1,4,45980,45988,2,10,1.5,9.3,4.3,2.8,1.75,2.5,3.94,0.7,0,0.7,0,,1,,RJ1
2RJ1,76469,22025.1,4,45980,45988,2,7.5,1,7.8,3.5,2.4,2.1,2.2,2.43,0,0,0,0,,1,,RJ1
3RJ1,76468,22025.1,4,45980,45988,2,11.1,1,9.4,4.8,2.8,2.2,2.3,3.89,1.2,0,1.2,0,,1,,RJ1
4RJ1,76467,22025.1,4,45980,45988,2,9.8,1,9,4.2,2.4,2,2.4,3.72,0.05,0,0.05,0,,1,,RJ1
1TC1,76454,32025.1,2,45945,45948,8,29,7,15.4,5.6,3.7,2.6,2,7.93,12.8,1,13.8,0.078125,8,1,,TC1
2TC1,76455,32025.1,2,45945,45948,8,30.7,7,15.8,6.1,4.3,2.2,2.2,8.42,14.3,3.8,18.1,0.265734266,,1,,TC1
1TC1,76454,32025.1,2,45945,45948,6,24.4,5,14.4,5.4,3.5,2.5,2,6.91,10,0,10,0,,1,,TC1
2TC1,76455,32025.1,2,45945,45948,6,26.65,6,14.4,5.4,3.4,2.6,2.5,7.45,11.5,1,12.5,0.086956522,6,1,,TC1
1TC1,76454,32025.1,2,45945,45948,4,12.9,3,10.8,4.7,3,2.2,2.1,5.26,2.9,0,2.9,0,,1,,TC1
2TC1,76455,32025.1,2,45945,45948,4,16,3,12.1,4.6,3.1,1.9,2,5.6,5,0,5,0,,1,,TC1
1TC1,76454,32025.1,2,45945,45948,2,7.1,1.5,6.8,3.2,1.6,1.4,2.2,2.61,0,0,0,0,,1,,TC1
2TC1,76455,32025.1,2,45945,45948,2,7.4,2,7.8,3.7,2.2,1.9,1.8,3.41,0.7,0,0.7,0,,1,,TC1
1WG22,76461,42025.22,2,45980,45988,8,30.7,7.5,15.6,5.7,3.7,2.3,2.7,7.82,14.8,4.2,19,0.283783784,8,1,,WG22
2WG22,76460,42025.22,2,45980,45988,8,32.8,9,15.7,6.4,3.5,2.1,2.55,8.07,16.7,5.5,22.2,0.329341317,8,1,,WG22
1WG22,76461,42025.22,2,45980,45988,6,12.5,3,13.7,5.4,3.7,2.5,2.9,6.93,9.9,0,9.9,0,,1,,WG22
2WG22,76460,42025.22,2,45980,45988,6,27.4,4.5,14.75,6,3.1,2.2,2.7,7.22,12.3,0,12.3,0,,1,,WG22
1WG22,76461,42025.22,2,45980,45988,4,14.4,1.5,11.3,5.2,2.9,2.3,2.8,5.24,4.5,0,4.5,0,,1,,WG22
2WG22,76460,42025.22,2,45980,45988,4,17.3,2.5,12.7,5.3,2.8,2.4,2.5,5.53,6.7,0,6.7,0,,1,,WG22
1WG22,76461,42025.22,2,45980,45988,2,8.2,1.5,8.1,3.4,2,1.6,1.6,2.99,0,0,0,0,,1,,WG22
2WG22,76460,42025.22,2,45980,45988,2,10.35,1.5,9,3.8,2.4,1.9,2.1,3.52,0.5,0,0.5,0,,1,,WG22
1WG24,N/A,42025.24,3,45977,N/A,2,9.65,1.5,9.8,3.9,2.6,1.85,2.2,3.52,0,0,0,0,,1,,WG24
2WG24,N/A,42025.24,3,45977,N/A,2,9.6,1.5,9.3,4.2,2.7,2,2,3.68,0,0,0,0,,1,,WG24
1WG24,N/A,42025.24,3,45977,N/A,0,6.1,1.5,5.8,3.1,1.5,1.5,1.5,1.39,0,0,0,0,,1,,WG24
2WG24,N/A,42025.24,3,45977,N/A,0,6.2,1.5,5.3,3.2,1.8,1.6,1.8,1.43,0,0,0,0,,1,,WG24
1WG28,76494,42025.28,3,45994,46002,8,33,6,15.5,6.25,3.8,2.1,2.4,7.53,16.1,6.8,22.9,0.422360248,8,1,,WG28
2WG28,76493,42025.28,3,45994,46002,8,39,14,16.2,6.6,3.6,2.1,2.5,8.25,19.7,12.3,32,0.624365482,,1,,WG28
1WG28,76494,42025.28,3,45994,46002,6,24,3,14.1,5.7,3.9,2,2.3,6.83,9.8,0,9.8,0,,1,,WG28
2WG28,76493,42025.28,3,45994,46002,6,31.2,8,15.5,6.1,3.5,2.3,2.2,8.54,15,3.4,18.4,0.226666667,6,1,,WG28
3WG28,N/A,42025.28,3,45994,46002,6,26.5,4.5,15.7,5.7,3.6,2.3,2.5,7.56,13.1,1,14.1,0.076335878,6,1,,WG28
1WG28,76494,42025.28,3,45994,46002,4,13.7,2,11.3,4.8,2.8,2,2.35,5.17,3.9,0,3.9,0,,1,,WG28
2WG28,76493,42025.28,3,45994,46002,4,21,3,13.7,5.1,3.3,2.4,2.5,6.53,8.5,0,8.5,0,,1,,WG28
3WG28,N/A,42025.28,3,45994,46002,4,17.4,2,12.8,5.1,3,2.15,2.3,5.97,5.3,0,5.3,0,,1,,WG28
1WG28,76494,42025.28,3,45994,46002,2,7.2,1.5,7.9,3.55,2.5,1.7,2.2,2.12,0,0,0,#DIV/0!,,1,,WG28
2WG28,76493,42025.28,3,45994,46002,2,11.3,2,9.7,4.1,2.55,1.8,2.1,3.52,1.7,0,1.7,0,,1,,WG28
3WG28,N/A,42025.28,3,45994,46002,2,8.8,2,8.7,3.8,2.4,1.8,2.3,2.89,0.5,0,0.5,0,,1,,WG28
1WG42,76498,42025.42,2,46000,46009,9,38.5,14.4,17.2,7,4.3,2.4,2.75,7.63,21,13,34,0.619047619,,1,,WG42
2WG42,76497,42025.42,2,46000,46009,9,38.5,18.5,16.4,7.3,4.5,2.4,2.5,8.26,21.2,13.9,35.1,0.655660377,,1,,WG42
1WG42,76498,42025.42,2,46000,46009,7,30,5.5,16.25,6.5,3.9,2.35,2.9,7.08,15.65,3.4,19.05,0.217252396,7,1,,WG42
2WG42,76497,42025.42,2,46000,46009,7,31.8,6,16.2,6.4,4.2,2.3,3,7.79,15.5,4.8,20.3,0.309677419,7,1,,WG42
1WG42,76498,42025.42,2,46000,46009,5,19.8,2,14.1,5.9,3.3,2,2.5,5.6,8,0,8,0,,1,,WG42
2WG42,76497,42025.42,2,46000,46009,5,21.2,3,14,5.8,3.6,2.2,2.6,6.67,8.5,0,8.5,0,,1,,WG42
1WG42,76498,42025.42,2,46000,46009,3,11,1,10.2,4.7,2.8,1.9,2,3.8,1,0,1,0,,1,,WG42
2WG42,76497,42025.42,2,46000,46009,3,11.9,1.5,10.3,4.5,2.7,1.9,2,4.26,1.8,0,1.8,0,,1,,WG42
1WG44,76495,42025.44,2,45995,46003,8,36,10.5,16.7,7.5,4.4,2.5,2.7,9.16,18.7,7.5,26.2,0.401069519,8,1,,WG44
2WG44,76496,42025.44,2,45995,46003,8,32.7,8,15.5,7,4.4,2.4,2.7,7.88,17,6.8,23.8,0.4,,1,,WG44
1WG44,76495,42025.44,2,45995,46003,6,27.3,4.5,15.6,6.1,3.9,2.6,2.6,8.01,11.75,0,11.75,0,,1,,WG44
2WG44,76496,42025.44,2,45995,46003,6,24.15,4.5,14.5,6.1,3.5,2.1,2.4,7.46,12,1.4,13.4,0.116666667,6,1,,WG44
1WG44,76495,42025.44,2,45995,46003,4,16.6,2,12.9,5.5,3.1,2.2,2.4,5.98,5.2,0,5.2,0,,1,,WG44
2WG44,76496,42025.44,2,45995,46003,4,15.4,2,11.9,5.3,3.4,2.1,2.4,5.76,4.4,0,4.4,0,,1,,WG44
1WG44,76495,42025.44,2,45995,46003,2,8.6,2,8.7,4.1,2.8,1.9,2.3,3.52,0.5,0,0.5,0,,1,,WG44
2WG44,76496,42025.44,2,45995,46003,2,7.8,1.5,8.3,4.1,2.5,1.8,2.2,3.06,0.2,0,0.2,0,,1,,WG44
1WG51,N/A,42025.51,4,46007,N/A,6,26.3,5,15,6.1,3.8,2.2,2.4,7.2,11.5,0.3,11.8,0.026086957,6,1,,WG51
2WG51,N/A,42025.51,4,46007,N/A,6,29.5,6,15.7,6.5,4,2.2,2.2,7.64,12.5,2,14.5,0.16,6,1,,WG51
3WG51,N/A,42025.51,4,46007,N/A,6,21.4,4,14.2,6,3.6,2.15,2.1,6,8.1,0,8.1,0,,1,,WG51
4WG51,N/A,42025.51,4,46007,N/A,6,21.1,3.5,13.9,5.9,3.5,2.2,2.3,6.09,8.2,0,8.2,0,,1,,WG51
1WG51,N/A,42025.51,4,46007,N/A,4,16.2,2.5,12.45,5.3,3.4,1.9,2.5,5.41,4.35,0,4.35,0,,1,,WG51
2WG51,N/A,42025.51,4,46007,N/A,4,19.5,3,13.6,3.8,3.3,2,2.5,6.13,6.15,0,6.15,0,,1,,WG51
3WG51,N/A,42025.51,4,46007,N/A,4,12.2,2,11,5,3,1.75,2.15,4.07,1.7,0,1.7,0,,1,,WG51
4WG51,N/A,42025.51,4,46007,N/A,4,16.1,2,12.3,5.1,3.1,1.8,2.2,5.68,4.4,0,4.4,0,,1,,WG51
1WG51,N/A,42025.51,4,46007,N/A,2,8.5,2,8.7,4.3,2.5,1.75,2.3,3.18,0,0,0,0,,1,,WG51
2WG51,N/A,42025.51,4,46007,N/A,2,10.3,2,9.5,4.3,2.5,1.9,2.1,3.85,0.5,0,0.5,0,,1,,WG51
3WG51,N/A,42025.51,4,46007,N/A,2,6.3,1.5,7.3,3.45,2.3,1.5,1.9,2.29,0,0,0,0,,1,,WG51
4WG51,N/A,42025.51,4,46007,N/A,2,8.5,2,8.75,3.8,2.2,1.8,2.1,3.17,0,0,0,0,,1,,WG51
1WG52,55813,42025.52,4,38709,46021,7,30.5,6,16.4,6.7,4.1,2.4,2.95,9.17,15.6,4.4,20,0.282051282,7,1,,WG52
2WG52,55811,42025.52,4,38709,46021,7,26.8,5,15.4,6.25,4,2.3,2.4,7.95,12.9,3,15.9,0.23255814,7,1,,WG52
3WG52,55812,42025.52,4,38709,46021,7,31.85,9.2,16.6,6.5,4.4,2.3,2.65,8.12,15.85,6.2,22.05,0.391167192,7,1,,WG52
4WG52,55810,42025.52,4,38709,46021,7,26.2,3,15.1,6,3.75,2.3,2.7,7.89,12.2,0,12.2,0,,1,,WG52
1WG52,55813,42025.52,4,38709,46021,5,21.1,3,14.3,5.75,3.5,2.1,2.55,7.15,8.2,0,8.2,0,,1,,WG52
2WG52,55811,42025.52,4,38709,46021,5,16.95,2,13.3,5.2,3.1,2,2.5,6.22,5.3,0,5.3,0,,1,,WG52
3WG52,55812,42025.52,4,38709,46021,5,23.1,3,14.7,5.65,3.6,2.15,2.55,7.07,9.5,0,9.5,0,,1,,WG52
4WG52,55810,42025.52,4,38709,46021,5,16.25,1.5,12.35,4.8,3.25,2.2,2.3,5.68,4.6,0,4.6,0,,1,,WG52
1WG52,55813,42025.52,4,38709,46021,3,11.7,N/A,10.9,4.9,2.7,2,2.4,4.63,1.8,0,1.8,0,,1,,WG52
2WG52,55811,42025.52,4,38709,46021,3,9.6,2,9.8,4.15,2.3,1.5,2,3.89,0.6,0,0.6,0,,1,,WG52
3WG52,55812,42025.52,4,38709,46021,3,13.6,2,11.9,4.85,2.9,1.9,2.4,4.88,2.7,0,2.7,0,,1,,WG52
4WG52,55810,42025.52,4,38709,46021,3,8.2,1,8.9,3.8,2.2,1.7,2,3.26,0,0,0,0,,1,,WG52
1WG53,55804,42025.53,3,46003,46011,8,36,14.7,16.2,6.95,4.6,2.1,2.35,7.86,19.3,12.2,31.5,0.632124352,,1,,WG53
2WG53,55803,42025.53,3,46003,46011,8,33.6,10,16.4,6.85,4.3,2.1,2.4,7.93,17.4,9.5,26.9,0.545977011,,1,,WG53
3WG53,55802,42025.53,3,46003,46011,8,35.5,13.3,16.45,7,4.7,2.4,2.6,8.45,17.3,10.8,28.1,0.624277457,,1,,WG53
1WG60,55815,42025.53,3,46019,46026,7,30.2,7,16.3,6.4,4,2.1,2.4,8.72,14.9,5,19.9,0.33557047,7,1,,WG53
2WG60,55817,42025.53,3,46019,46026,7,26.3,4,15.1,6,3.8,2.2,2.3,8,12.6,1.2,13.8,0.095238095,7,1,,WG53
3WG60,55816,42025.53,3,46019,46026,7,31.1,7.5,16.8,6.1,3.9,2.2,2.5,8.47,15.2,4.8,20,0.315789474,7,1,,WG53
1WG53,55804,42025.53,3,46003,46011,6,28.7,5,15.6,6.1,3.9,2.3,2.5,7.44,12.8,1.5,14.3,0.1171875,6,1,,WG53
2WG53,55803,42025.53,3,46003,46011,6,24.6,4,14.9,6,3.6,2.2,2.8,7.02,10.9,0,10.9,0,,1,,WG53
3WG53,55802,42025.53,3,46003,46011,6,26.7,5,15.4,6.1,3.8,2.45,2.85,7.64,12.1,0.03,12.13,0.002479339,6,1,,WG53
1WG60,55815,42025.53,3,46019,46026,5,21.3,2.5,14.45,3.4,3.2,2.2,2.35,7.28,7.8,0,7.8,0,,1,,WG53
2WG60,55817,42025.53,3,46019,46026,5,15.8,2,12.3,5,3.1,2,2.4,5.82,4.8,0,4.8,0,,1,,WG53
3WG60,55816,42025.53,3,46019,46026,5,21.2,3,14.65,5.2,3.1,2.2,2.3,6.97,8.4,0,8.4,0,,1,,WG53
1WG53,55804,42025.53,3,46003,46011,4,18.6,2,13.4,5.2,3,2.1,2.5,5.99,6.25,0,6.25,0,,1,,WG53
2WG53,55803,42025.53,3,46003,46011,4,14.9,2,12,4.8,2.9,2.25,2.7,5.29,4.7,0,4.7,0,,1,,WG53
3WG53,55802,42025.53,3,46003,46011,4,17.95,2,13,5.1,3,2,2.6,6.37,6.1,0,6.1,0,,1,,WG53
1WG53,55804,42025.53,3,46003,46011,2,8.9,2,9.4,3.9,2.25,1.65,2.2,3.13,0.3,0,0.3,0,,1,,WG53
1WG60,55815,42025.53,3,46019,46026,2,8.2,1.5,8.6,4,2.2,1.75,2,3.65,0.2,0,0.2,0,,1,,WG53
2WG53,55803,42025.53,3,46003,46011,2,7,1.5,8.2,3.4,2.2,1.6,1.8,2.26,0,0,0,0,,1,,WG53
2WG60,55817,42025.53,3,46019,46026,2,6.5,1.5,6.7,3.6,2.1,1.5,1.8,2.44,0,0,0,0,,1,,WG53
3WG53,55802,42025.53,3,46003,46011,2,9.1,2,9,4.2,2.8,1.8,2.4,3.25,0.4,0,0.4,0,,1,,WG53
3WG60,55816,42025.53,3,46019,46026,2,8.5,2,9.15,3.9,2.4,1.8,2.15,3.25,0.2,0,0.2,0,,1,,WG53
1WG54,N/A,42025.54,3,46019,N/A,4,20.05,2,13.5,4.8,2.9,2.3,2.8,5.62,7.2,0,7.2,0,,1,,WG54
2WG54,N/A,42025.54,3,46019,N/A,4,25.6,4,14.9,5.6,3.6,2.2,2.75,6.55,11.3,0,11.3,0,,1,,WG54
3WG54,N/A,42025.54,3,46019,N/A,4,23.7,3.5,14.8,5.9,3.8,2,2.5,6.65,10,0,10,0,,1,,WG54
1WG54,N/A,42025.54,3,46019,N/A,2,7.65,1,7.7,4.2,2.6,1.9,1.9,2.55,0,0,0,0,,1,,WG54
2WG54,N/A,42025.54,3,46019,N/A,2,10.9,1.5,10,4.35,2.8,1.9,2.1,3.63,0.8,0,0.8,0,,1,,WG54
3WG54,N/A,42025.54,3,46019,N/A,2,10.3,1.5,9.5,4.5,2.9,2,2.2,3.77,0.6,0,0.6,0,,1,,WG54
1WG59,N/A,42025.59,2,46019,N/A,4,21.7,3,15,5.7,3.5,2.3,2.6,6.97,8.9,0,8.9,0,,1,,WG59
2WG59,N/A,42025.59,2,46019,N/A,4,22.7,3,14.35,5.1,3.2,2.2,2.5,6.5,9.8,0,9.8,0,,1,,WG59
1WG59,N/A,42025.59,2,46019,N/A,2,8.3,2,9.5,4.4,2.3,1.9,1.8,3.63,0.2,0,0.2,0,,1,,WG59
2WG59,N/A,42025.59,2,46019,N/A,2,9.2,1,9.7,4.2,2.5,1.7,1.7,3.42,0.7,0,0.7,0,,1,,WG59
2WG61,55814,42025.61,3,46017,46024,9,36.8,15.5,16,7,4.5,2.2,2.7,8.66,21,13.2,34.2,0.628571429,,1,,WG61
2WG61,55814,42025.61,3,46017,46024,7,29.9,7,14.85,6.5,4.2,2.1,2.35,7.31,15.9,1,16.9,0.062893082,7,1,,WG61
1WG61,N/A,42025.61,3,46017,N/A,4,12.7,1.5,10.4,4.4,2.7,1.6,2,3.01,1.6,0,1.6,0,,1,,WG61
2WG61,55814,42025.61,3,46017,46024,4,17.1,2,12.3,5.25,3.4,1.95,2.35,5.59,5,0,5,0,,1,,WG61
3WG61,N/A,42025.61,3,46017,N/A,4,14.2,0.5,11.6,5.1,3.2,2.1,2.3,5.22,3.5,0,3.5,0,,1,,WG61
1WG61,N/A,42025.61,3,46017,N/A,2,6.6,1.5,7.3,3.6,2,1.2,1.7,1.77,0,0,0,0,,1,,WG61
2WG61,55814,42025.61,3,46017,46024,2,8.7,2,8.8,4,2.3,1.9,2,3.18,0.4,0,0.4,0,,1,,WG61
3WG61,N/A,42025.61,3,46017,N/A,2,6.9,1.5,7.9,4.1,2.4,1.6,1.9,2.5,0,0,0,0,,1,,WG61
1WG62,55822,42025.62,2,46031,46036,8,35,11,17.1,6.5,4.2,2.35,2.7,8.56,18.7,9.8,28.5,0.524064171,8,1,,WG62
2WG62,55823,42025.62,2,46031,46036,8,35,10,16.5,6.8,4.5,2.3,2.7,8.35,17.7,8.9,26.6,0.502824859,8,1,,WG62
1WG62,55822,42025.62,2,46031,46036,6,26.3,4.5,16,5.8,4,2.15,2.4,7.58,12.4,0,12.4,0,,1,,WG62
2WG62,55823,42025.62,2,46031,46036,6,25.6,5,15.8,6,3.6,2.1,2.4,7.52,12.3,0,12.3,0,,1,,WG62
1WG62,55822,42025.62,2,46031,46036,4,17,1.5,12.8,4.8,2.9,1.8,2.1,5.29,4.65,0,4.65,0,,1,,WG62
2WG62,55823,42025.62,2,46031,46036,4,16.1,1.5,12.2,4.5,3,2.1,2.1,5.48,3.9,0,3.9,0,,1,,WG62
